{"method": "zscore", "params": {"mean": [160.09905474210424, 160.9832889097627, 159.12539157923547, 160.11450627278282, 166149205.09374112, 0.00043967619037572897, 56.194312093573025, 0.516091777506282, 0.512744430930075, 0.003347346576220037, 164.3536359089691, 159.4002826741516, 154.4469294393445, 0.5992268714287557, 2.044851131479925, 0.013729743122801775, 63.99053115702968, 63.98490164728779, 31.094829642711094, 10223945476.177996, 10179370052.287863, 103.3414572265176], "std": [76.98044692828667, 77.31930396859964, 76.60607840377746, 76.99234832271299, 110503966.9813202, 0.012320338560159044, 15.685572916894104, 2.022699495648385, 1.8949095913217886, 0.6270905304343117, 78.60975677046412, 76.13812427689369, 73.89738815529167, 0.3139876722010783, 1.638444931503735, 0.009765442150225822, 30.21389909688762, 27.830394880203684, 10.785973938476188, 6732517965.824905, 6728255277.000028, 11.811876642509489]}, "fitted": true}