{
  "run_at_utc": "2026-02-27T15:18:07.709121+00:00",
  "checkpoint_dir": "models/checkpoints/meta_ensemble",
  "blend_checkpoint_dirs": null,
  "blend_weights": null,
  "quant_benchmark_tickers": [
    "QQQ",
    "IWM"
  ],
  "hard_constraints": {
    "max_drawdown": 0.25,
    "beta_min": 0.8,
    "beta_max": 1.2,
    "min_information_ratio": 0.0,
    "enforced": true
  },
  "base_config": {
    "signal_threshold": 0.53,
    "short_threshold": null,
    "confidence": 0.0,
    "long_only": true,
    "commission_bps": 5.0,
    "hold_days": 10,
    "top_k": 20,
    "max_positions": 20,
    "confidence_weight": false,
    "semiconductor_short_gate": false,
    "gate_threshold": 0.0
  },
  "best_config": {
    "signal_threshold": 0.52,
    "short_threshold": null,
    "confidence": 0.0,
    "long_only": true,
    "commission_bps": 5.0,
    "hold_days": 10,
    "top_k": 10,
    "max_positions": 20,
    "confidence_weight": false,
    "semiconductor_short_gate": false,
    "gate_threshold": 0.0
  },
  "segments_base": {
    "full": {
      "model": {
        "n_days": 3781,
        "total_return": 6.455170334918546,
        "annual_return": 0.14326907158875124,
        "sharpe": 0.7841878732941122,
        "sortino": 0.9704253882249588,
        "max_drawdown": -0.3133452372157437
      },
      "equal_weight": {
        "n_days": 3781,
        "total_return": 11.408702623471429,
        "annual_return": 0.1827577629121806,
        "sharpe": 1.0483213807908007,
        "sortino": 1.2804336143360162,
        "max_drawdown": -0.3454390348341452
      },
      "spy": {
        "n_days": 3781,
        "total_return": 6.064885413557006,
        "annual_return": 0.13917917385424317,
        "sharpe": 0.8461940136632019,
        "sortino": 1.0354191642146613,
        "max_drawdown": -0.3371727068439595
      },
      "quant_composite": {
        "n_days": 3781,
        "total_return": 6.506107477518337,
        "annual_return": 0.1437880370256024,
        "sharpe": 0.765278933228116,
        "sortino": 0.982699285630447,
        "max_drawdown": -0.34529215591550333
      }
    },
    "old": {
      "model": {
        "n_days": 2263,
        "total_return": 1.7789945343804598,
        "annual_return": 0.12054635445461792,
        "sharpe": 0.7540916275232546,
        "sortino": 0.9314810426603451,
        "max_drawdown": -0.2935013853030912
      },
      "equal_weight": {
        "n_days": 2263,
        "total_return": 3.783151744857107,
        "annual_return": 0.19039381573480418,
        "sharpe": 1.2489443994042349,
        "sortino": 1.5597271439101237,
        "max_drawdown": -0.1786459557822624
      },
      "spy": {
        "n_days": 2263,
        "total_return": 2.0347461687435238,
        "annual_return": 0.13158585777273935,
        "sharpe": 0.9366610163625564,
        "sortino": 1.1665135906434114,
        "max_drawdown": -0.19348891257061884
      },
      "quant_composite": {
        "n_days": 2263,
        "total_return": 2.2283063176298668,
        "annual_return": 0.13940389379978124,
        "sharpe": 0.8535135437406566,
        "sortino": 1.1159038903462721,
        "max_drawdown": -0.24754436612259478
      }
    },
    "recent": {
      "model": {
        "n_days": 1518,
        "total_return": 1.6826862171503234,
        "annual_return": 0.17800189111714926,
        "sharpe": 0.8351463208816016,
        "sortino": 1.0444958053037685,
        "max_drawdown": -0.3133452372157439
      },
      "equal_weight": {
        "n_days": 1518,
        "total_return": 1.594252343512498,
        "annual_return": 0.17146495497408254,
        "sharpe": 0.865630231063476,
        "sortino": 1.0555099792206393,
        "max_drawdown": -0.3454390348341452
      },
      "spy": {
        "n_days": 1518,
        "total_return": 1.3279987915701468,
        "annual_return": 0.15059382158940426,
        "sharpe": 0.7823160676362898,
        "sortino": 0.9615938541109682,
        "max_drawdown": -0.3371727068439595
      },
      "quant_composite": {
        "n_days": 1518,
        "total_return": 1.3250914687145063,
        "annual_return": 0.150355157213927,
        "sharpe": 0.6985059083379759,
        "sortino": 0.9069505180906718,
        "max_drawdown": -0.34529215591550344
      }
    },
    "very_recent": {
      "model": {
        "n_days": 762,
        "total_return": 0.7321872945202348,
        "annual_return": 0.19923800441089767,
        "sharpe": 1.1148365820817026,
        "sortino": 1.530965055095697,
        "max_drawdown": -0.15548030016467196
      },
      "equal_weight": {
        "n_days": 762,
        "total_return": 0.7858403728188712,
        "annual_return": 0.21139713259014448,
        "sharpe": 1.4579838033471757,
        "sortino": 2.0101780271010803,
        "max_drawdown": -0.16225940842357556
      },
      "spy": {
        "n_days": 762,
        "total_return": 0.8677648042538606,
        "annual_return": 0.2295001821235898,
        "sharpe": 1.430926594748035,
        "sortino": 1.9267523827658173,
        "max_drawdown": -0.1875523767324493
      },
      "quant_composite": {
        "n_days": 762,
        "total_return": 0.9408260026577977,
        "annual_return": 0.2452015817747233,
        "sharpe": 1.2551377680410516,
        "sortino": 1.8184542302205877,
        "max_drawdown": -0.23708052486817022
      }
    }
  },
  "segments_best": {
    "full": {
      "model": {
        "n_days": 3781,
        "total_return": 7.314604664540116,
        "annual_return": 0.15161298992679306,
        "sharpe": 0.8010016138572154,
        "sortino": 1.0188231278463102,
        "max_drawdown": -0.33541219577532233
      },
      "equal_weight": {
        "n_days": 3781,
        "total_return": 11.408702623471429,
        "annual_return": 0.1827577629121806,
        "sharpe": 1.0483213807908007,
        "sortino": 1.2804336143360162,
        "max_drawdown": -0.3454390348341452
      },
      "spy": {
        "n_days": 3781,
        "total_return": 6.064885413557006,
        "annual_return": 0.13917917385424317,
        "sharpe": 0.8461940136632019,
        "sortino": 1.0354191642146613,
        "max_drawdown": -0.3371727068439595
      },
      "quant_composite": {
        "n_days": 3781,
        "total_return": 6.506107477518337,
        "annual_return": 0.1437880370256024,
        "sharpe": 0.765278933228116,
        "sortino": 0.982699285630447,
        "max_drawdown": -0.34529215591550333
      }
    },
    "old": {
      "model": {
        "n_days": 2263,
        "total_return": 1.6666210783126423,
        "annual_return": 0.11540761625521978,
        "sharpe": 0.7125727346646404,
        "sortino": 0.8905207686815485,
        "max_drawdown": -0.22297989048282718
      },
      "equal_weight": {
        "n_days": 2263,
        "total_return": 3.783151744857107,
        "annual_return": 0.19039381573480418,
        "sharpe": 1.2489443994042349,
        "sortino": 1.5597271439101237,
        "max_drawdown": -0.1786459557822624
      },
      "spy": {
        "n_days": 2263,
        "total_return": 2.0347461687435238,
        "annual_return": 0.13158585777273935,
        "sharpe": 0.9366610163625564,
        "sortino": 1.1665135906434114,
        "max_drawdown": -0.19348891257061884
      },
      "quant_composite": {
        "n_days": 2263,
        "total_return": 2.2283063176298668,
        "annual_return": 0.13940389379978124,
        "sharpe": 0.8535135437406566,
        "sortino": 1.1159038903462721,
        "max_drawdown": -0.24754436612259478
      }
    },
    "recent": {
      "model": {
        "n_days": 1518,
        "total_return": 2.118030053899268,
        "annual_return": 0.20778055555221608,
        "sharpe": 0.9177992135542525,
        "sortino": 1.1969030951973476,
        "max_drawdown": -0.3354121957753221
      },
      "equal_weight": {
        "n_days": 1518,
        "total_return": 1.594252343512498,
        "annual_return": 0.17146495497408254,
        "sharpe": 0.865630231063476,