{
  "config": {
    "n_sentiment_features": 16,
    "n_price_features": 5,
    "sequence_length": 30,
    "lstm_units": [
      32
    ],
    "dropout": 0.1,
    "use_attention": false,
    "learning_rate": 0.002,
    "batch_size": 32,
    "epochs": 100,
    "early_stopping_patience": 25,
    "signal_threshold": 0.35,
    "min_sentiment_strength": 0.2
  },
  "metrics": {
    "accuracy": 0.3995880535530381,
    "class_accuracy": {
      "sell": 0.7815845824411135,
      "hold": 0.42063492063492064,
      "buy": 0.06745362563237774
    },
    "trade_accuracy": 0.29640947288006114,
    "hold_accuracy": 0.46938775510204084,
    "n_trades": 1309,
    "n_samples": 1942,
    "selectivity": 0.6740473738414006
  },
  "buy_threshold": 0.005,
  "sell_threshold": -0.005,
  "timestamp": "2026-02-12T08:51:47.646446"
}