{"mean": [0.0366094025981707, 0.172664165185683, 0.1842625131091427, -0.10633419786841866, 0.2677924650335516, 0.21954685099846388, 0.5126606839679845, 1.6926994906621393, 0.02924668876118449, 0.034961922639445094, 0.010372525807162573, 0.0380936603683066, 0.03958220015558444, 0.033208895596306416, 0.2905967109775614, 0.03734023414096163, 0.0016790626969121294, 0.0015122831243669125, 0.016986008911346072, 0.018027233622385477, 0.04387206210307931], "std": [0.4302130381138833, 0.2708828998528331, 0.48374724596994756, 0.48892614369096343, 0.38373260154242067, 0.36326443926173774, 0.4357669506670951, 1.1443955172259892, 0.49913483130351316, 0.4310789375890024, 0.5914283937978467, 0.5897964924740479, 0.2837678135456864, 0.20001801153581775, 0.46006203678258595, 0.4528780446262631, 0.018182929470843566, 0.01820778363673683, 0.011338813241779698, 0.042960307107393673, 0.06747659769988101]}