{"mean": [0.0004094026189742914, -0.020458711338316813, 0.016620850413329183, 0.008312113338142637, 1.9472491450490187e-06, 0.000640317551200686, 0.000644538644945952, 0.0006453242618369492, -7.856168909971347e-07, 0.10379122951055668, -0.05248035161921608, 0.0006161076785004619, 0.0005515941736918105, 0.009346406156699244, 0.005418661654531088, 0.014059158813921573], "std": [0.007270970936272449, 0.9850923615828875, 0.5279848185490894, 0.33929663156589834, 0.017073583904539794, 0.04800979295596855, 0.027621669611661903, 0.018954073788914207, 0.020077805283196314, 0.42469655744315166, 0.43403409764821554, 0.01132866537428875, 0.011354628628750345, 0.006526305268541599, 0.024950079134414035, 0.03735014042258213]}