{"mean": [0.04664487884704724, 0.19236961701608682, 0.2180055598494822, -0.12143422933456273, 0.2739251577423154, 0.21207954139063326, 0.5139953008670514, 1.9228769497400346, 0.042815286271888936, 0.044899720540588335, 0.008894375826286528, 0.0335330422530515, 0.04373245296271118, 0.037495246424000775, 0.33943978918404494, 0.047577286895969954, 0.0018498766926290826, 0.0016840850444819766, 0.01698959604338516, 0.01876124491604974, 0.04533471506990341], "std": [0.4205231254583168, 0.2726317841426265, 0.4792131951651931, 0.4905812896305521, 0.3784633123954612, 0.3487246159823636, 0.4233559767499753, 1.382026257292712, 0.4947739895582479, 0.4214460421352093, 0.5850477652223268, 0.5793067112303961, 0.27476712162812933, 0.1882954122745491, 0.4848742462694133, 0.4459529582317015, 0.01811301931246712, 0.01813781354905077, 0.011407366441236804, 0.042568342295507135, 0.06702343905550925]}