{
  "config": {
    "n_sentiment_features": 11,
    "n_price_features": 5,
    "sequence_length": 20,
    "lstm_units": [
      32
    ],
    "dropout": 0.1,
    "use_attention": false,
    "learning_rate": 0.002,
    "batch_size": 32,
    "epochs": 300,
    "early_stopping_patience": 25,
    "signal_threshold": 0.35,
    "min_sentiment_strength": 0.2
  },
  "metrics": {
    "accuracy": 0.41743589743589743,
    "class_accuracy": {
      "sell": 0.7105263157894737,
      "hold": 0.3404255319148936,
      "buy": 0.2824156305506217
    },
    "trade_accuracy": 0.3391655450874832,
    "hold_accuracy": 0.36058230683090703,
    "n_trades": 1486,
    "n_samples": 1950,
    "selectivity": 0.762051282051282
  },
  "buy_threshold": 0.005,
  "sell_threshold": -0.005,
  "timestamp": "2026-02-12T08:40:23.167889"
}