{"mean": [-0.005067713179983, 0.151228526104879, 0.11919666650589988, -0.1311342758211064, 0.18402777777777776, 0.20347222222222225, 0.6124999999999999, 1.703125, 0.03255278621232568, -0.004304979785816382, 0.04032717188046162, 0.03541354352146047, 0.017586163677054647, 0.0054545258214010765, 0.2503309423270063, 0.007411586396844742, 0.0013146639172966525, 0.0012881178694000193, 0.008413088565985159, 0.013595319016528227, 0.03054647489738646], "std": [0.360435494286961, 0.2370524764574072, 0.4362691827954892, 0.38418767320875846, 0.3167344286661447, 0.35662883258143196, 0.42447203044444476, 0.9949825296833106, 0.4947786474756799, 0.3613349998201443, 0.48245978783806237, 0.49818591794029976, 0.24704828187794073, 0.20164977326476108, 0.3906967319759512, 0.3844911859783046, 0.007173726860985395, 0.007168413749817136, 0.0055398449130824754, 0.014953632608998622, 0.02047320651442142]}