{"mean": [0.0004924834732507138, -0.019924680517745146, 0.0130753005711943, 0.01081534957125068, 1.1778201413574495e-06, 0.001111006418636923, 0.001099664076304521, 0.001092927554855121, 6.736521449400032e-06, 0.09588290353978803, -0.040874557704723334, -0.03478835974322642, 0.958178919960058, 0.10150774246128767, 0.06285074042295102, 0.49822229013854935, 0.000628771926604232, 0.0005459096693069249, 0.010860333429636673, 0.005383009766942767, 0.01392351025785181], "std": [0.008040082727779, 0.9847171148936067, 0.4850622408613092, 0.359889330791263, 0.01912225317252545, 0.055636000580782975, 0.031085235311503923, 0.021022655994099422, 0.022917283026873923, 0.3967057471558585, 0.40656299687033576, 0.973772586740279, 0.314908114497575, 0.3042449077248206, 0.3543272525894676, 0.10939769858212267, 0.012836835248805658, 0.012875069128923208, 0.006963860730113853, 0.029050678266535096, 0.044257678994621436]}