{"mean": [0.04111006525869992, 0.1705188475973499, 0.18604776551027605, -0.0985361619582718, 0.26927457291408763, 0.21703598250392012, 0.5136894445819923, 1.6655112651646446, 0.032521966267774344, 0.039440214839257505, 0.010094112587853026, 0.040555267314638314, 0.043463501429961936, 0.03684779477632916, 0.2845839274685478, 0.0425919724679034, 0.0018498766926290826, 0.0016840850444819766, 0.01698959604338516, 0.01876124491604974, 0.04533471506990341], "std": [0.42964466930778283, 0.26966336378232914, 0.4833284813325383, 0.48538633037208, 0.3851265822079071, 0.3630231789087518, 0.43662036211728034, 0.9960438853033632, 0.49140431237481913, 0.43055314344703005, 0.5919422371070342, 0.5907129282072959, 0.28337472497996286, 0.19948680192858975, 0.4543152340209967, 0.4522574385831178, 0.01811301931246712, 0.01813781354905077, 0.011407366441236804, 0.042568342295507135, 0.06702343905550925]}