{"mean": [0.0, 0.0, 0.0, 0.0, 0.0, 0.0, 0.0, 0.0, 0.0, 0.0, 0.0, 0.0, 0.0, 0.0, 0.0, 0.0, 0.0013146639172966525, 0.0012881178694000193, 0.008413088565985159, 0.013595319016528227, 0.03054647489738646], "std": [1.0, 1.0, 1.0, 1.0, 1.0, 1.0, 1.0, 1.0, 1.0, 1.0, 1.0, 1.0, 1.0, 1.0, 1.0, 1.0, 0.007173726860985395, 0.007168413749817136, 0.0055398449130824754, 0.014953632608998622, 0.02047320651442142]}