{"mean": [0.0004899726754148369, -0.020248417793909464, 0.013593569099277385, 0.01103012240307878, 3.6298043204040804e-06, 0.0010969427787253076, 0.0010963542818089441, 0.0010951021546121789, 1.2521271967652723e-06, 0.09588341279880626, -0.04088365620788382, -0.034916537899733154, 0.9585894612975833, 0.10154597233523188, 0.06291010875321153, 0.498337062652563, 0.0006247333444908913, 0.0005419565964679673, 0.010855348018606008, 0.005376713314763321, 0.013931936515192521], "std": [0.008035191394349588, 0.9842870756117612, 0.4850807738059471, 0.35976509708339244, 0.01911122237032547, 0.055601876962699824, 0.031064812453652096, 0.021009719050004587, 0.022904453041214797, 0.3964252824365459, 0.40628774997376954, 0.9735184790215256, 0.3148905615268727, 0.304090719532691, 0.354191931323379, 0.10940808594047703, 0.012830386812390017, 0.012868580208957332, 0.006959361210690813, 0.029028360467228002, 0.0442245648125956]}