{"mean": [0.0004899726368816163, -0.020248604456198745, 0.01359356909927739, 0.01103012240307878, 3.629762504265133e-06, 0.0010969431766945743, 0.0010963549300215386, 0.0010951027440142917, 1.2521860072465904e-06, 0.09588341279880629, -0.04088365620788384, 0.0006247333689556087, 0.0005419566134943353, 0.010855349640260472, 0.005376713293682238, 0.013931936477350281], "std": [0.008035190862650738, 0.9842873494835023, 0.4850807738059473, 0.35976509708339244, 0.01911122277441483, 0.05560186219492647, 0.031064807314634128, 0.02100971340329601, 0.02290444732921003, 0.396425282436546, 0.4062877499737697, 0.012830387411047944, 0.012868580770080329, 0.0069593597359085945, 0.029028358890794404, 0.04422456339642881]}