{
  "symbols": [
    "SPY",
    "QQQ",
    "AAPL",
    "MSFT",
    "NVDA"
  ],
  "paper_start": "2025-09-05 00:00:00-04:00",
  "metrics": {
    "total_return": -0.024704158809998877,
    "annual_return": -0.021724437367177774,
    "volatility": 0.07679377903980769,
    "sharpe_ratio": -0.5433309558258492,
    "max_drawdown": -0.09087033013765777,
    "win_rate": 0.4864864864864865,
    "profit_factor": 0.7257369439273913,
    "n_trades": 37,
    "final_equity": 97529.58411900011
  }
}